Data,PrimerSet,Locus,OriginalName,Seq,bp,Target,References
Metabarcoding,Leray_COI,COI,mlCOIintF <br> jgHCO2198,GGWACWGGWTGAACWGTWTAYCCYCC <br> TAIACYTCIGGRTGICCRAARAAYCA,313,Animals,"Leray et al. (2013); Geller, Meyer, Parker, & Hawk (2013)"
Metabarcoding,Folmer_COI,COI,LCO1490 <br> ill_C_R,GGTCAACAAATCATAAAGATATTGG <br> GGIGGRTAIACIGTTCAICC,710,Invertebrates,"Folmer, Black, Hoeh, Lutz, & Vrijenhoek (1994); Shokralla et al. (2015)"
Metabarcoding,Hadziavdic_18S,18S,F-574 <br> R-952,GCGGTAATTCCAGCTCCAA <br> TTGGCAAATGCTTTCGC,378,Eukaryotes,Hadziavdic et al. (2014)
Metabarcoding,TAReuk_18S,18S,TAReuk454FWD1 <br> TAReukREV3,CCAGCASCYGCGGTAATTCC <br> ACTTTCGTTCTTGATYRA,,Eukaryotes,Stoeck et al. (2010)
Metabarcoding,MiFish_12S,12S,12S_248F_RADS <br> Mifish_UR_Miya,CGTGCCAGCCACCGCGGTT <br> CATAGTGGGGTATCTAATCCCAGTTTG,~297,Fish,Miya et al. (2015); Steeves unpublished
Metabarcoding,Fish_16S,16S,16S_Fish_F <br> 16S_Fish_R,AGCGYAATCACTTGTCTYTTAA <br> CRBGGTCGCCCCAACCRAA,~200,Fish,McInnes et al. (2017)
Metabarcoding,Chord_16S,16S,Chord_16S_F_TagA <br> Chord_16 s_R_Short,ATGCGAGAAGACCCTRTGGAGCT <br> CCTNGGTCGCCCCAAC,~155,Chordates,Deagle et al. (2009)
Metabarcoding,MiMam_12S,12S,MiMammal-U_F <br> MiMammal-U_R,GGGTTGGTAAATTTCGTGCCAGC <br> CATAGTGGGGTATCTAATCCCAGTTTG,,Mammals,Ushio et al. (2017)
Metabarcoding,MiFishU_12S,12S,MiFish_UF_Miya <br> MiFish_UR_Miya,GTCGGTAAAACTCGTGCCAGC <br> CATAGTGGGGTATCTAATCCCAGTTTG,297,Fish,Miya et al. (2015)
Metabarcoding,LerayNEX_COI,COI,mlCOIintF_NEX <br> jgHCO2198_NEX,TCGTCGGCAGCGTCAGATGTGTATAAGAGACAGGGWACWGGWTGAACWGTWTAYCCYCC <br> GTCTCGTGGGCTCGGAGATGTGTATAAGAGACAGTAIACYTCIGGRTGICCRAARAAYCA,,Universal,Leray et al. (2013)
qPCR,,COI,Hma_COI_F <br> Hma_COI_R <br> Hma_COI_Probe,TGTCTACCCTCCACTCTCAG <br> CCCAAAATAGATGAGACCCCAG <br> ACGCAGGTGCTTCCGTTGACTTA,326,Homarus americanus,
qPCR,,cytb,Ccar_cytb_F <br> Ccar_cytb_R <br> Ccar_cytb_P,GCATTCCACTTTCTCCTTCCC <br> CAGAAACCCTAGTGCGTCTTTGTAG <br> ATGGGGTTGTTTGAGCCTGTTTCGTG,162,Carcharodon carcharias,
qPCR,,cytb,Hgry_cytb_F <br> Hgry_cytb_R <br> Hgry_cytb_P,GGGACGAGGACTATATTACGGCT <br> GATTGGTAATGACTGTTGCCCC <br> AGCCCATGAATGCCGTGGCTATGAT,152,Halichoerus grypus,
qPCR,,cytb,Pvit_cytb-F2  <br> Pvit_cytb-R2 <br> Pvit_cytb-P ,AGGACGAGGACTGTATTACGGC <br> TTGCTGATAGTAGATTGGTAATGACTGTT <br> AGCCCATGAATGCTGTAGCTATGACGGT,164,Phoca vitulina,
qPCR,,cytb,Pgro_cytb-F2 <br> Pgro_cytb-R2 <br> Pgro_cytb-P ,ATACATACACGTAGGACGAGGACTCTAC <br> GATAGTAGATTAGTGATAACTGTTGCTCCTCAG <br> AACCCATGAATGCCGTAGCTATGACGG,171,Pagophilus groenlandicus,
qPCR,,cytb,Lnas_cytb-F2 <br> Lnas_cytb-R2 <br> Lnas_cytb-P ,CTTCGTAGGYTATGTCTTACCATGAGGT <br> AATATAGGGGAAGGCGGAAAGA <br> ATCCTTCTGAGGCGCTACAGTCATCACC,82,Lamna nasus,
qPCR,,cytb,Ioxy_cytb-F2 <br> Ioxy_cytb-R2 <br> Ioxy_cytb-P ,GGGCTACGTCCTACCTTGAGGT <br> CAACATAGGGGAAAGCGGAG <br> ATCCTTCTGGGGCGCAACAGTCATTAC,83,Isurus oxyrhinchus,
qPCR,,cytb,Pgla_cytb-F2 <br> Pgla_cytb-R2 <br> Pgla_cytb_P ,TCCTATTAATAGCAACAGCCTTTGTC <br> AGGCAAAGAAACGTGTAAGGGTA <br> ,180,Prionace glauca,
qPCR,,NAD,Tthy_ND5-F <br> Tthy_ND5-R <br> Tthy_ND5_P ,CCAACTCTTTATCGGGTGGGAG <br> TTAGCGGTTACGAACATTTGCTG <br> ATATAACCGAGTCGGGGATATCGGGCTC,203,Thunnus thynnus,
qPCR,,COI,COI_883F_Ci <br> COI_1094R_Ci <br> COI_967P_Ci,ACTTTTTTTGATCCTAACAGAAGAAGGG <br> CACACTAGAAATCTAAGAAACCTAATTCCTCTT <br> (6-FAM)-TTGATCCTACCAAGATTTAGAA,212,Ciona intestinalis,LeBlanc et al. (2020)
qPCR,,COI,COI_1783F_Sc <br> COI_1935R_Sc <br> COI_1861P_Sc,CCTCCGGCGGTAGTCCTTTTATT <br> GGAGATCCCCGCCAAATGTAA <br> (6-FAM)-TTAGCTAGGAACTTGGCCCA,153,Styela clava,LeBlanc et al. (2020)
qPCR,,COI,COI_1980F_Bv <br> COI_2136R_Bv <br> COI_2041P_Bv,AAAGGTGAAGAGGTGGAGGATATTTTC <br> TGACGGATCGAAGAAAGACGTATTG <br> (6-FAM)-ACTGTTTTGCTCTTATTGTC,157,Botrylloides violaceus,LeBlanc et al. (2020)
qPCR,,COI,COI_1842F_Bs <br> COI_2020R_Bs <br> COI_1877P_Bs,TGAACTGTTTATCCTCCCCTTTCTAGA <br> CAAAACAAAGATATAGAAAARAGTCCCCA <br> (6-FAM)-TCATTCTAGAGCTGCTTTG,179,Botryllus schlosseri,LeBlanc et al. (2020)
qPCR,,COI,COI_01F_Cm <br> COI_01R_Cm <br> COI_01P_Cm,CGCTTTTTTTGGGACATCGTTG <br> ACCAAAACCTCCGATTATAACTGGC <br> (6-FAM)-TATCCGGACTGAATTAAT,160,Caprella mutica,LeBlanc et al. (2020)
qPCR,,COI,COI_1884F_Memm <br> COI_2041R_Memm <br> COI_1915P_Memm,GGAGGTTCCGTTGATTTAGCTATCTTC <br> CTGTAATGAAAATTGATCAGCAAAGCA <br> (6-FAM)-TCCACCTTGCAGGTGTAT,157,Membranipora membranacea,LeBlanc et al. (2020)
qPCR,,COI,COI_237F_Dl <br> COI_404R_Dl <br> COI_275P_Dl,TTGGTTATTACCTTTAATACTAAGAGCTCCTG <br> CCAAAAGAAGATAATGGAGGGTATATTGT <br> (6-FAM)-CTTTTCCTCGTCTAAATAATAT,168,Diplosoma listerianum,LeBlanc et al. (2020)
qPCR,,COI,COI_254F_Aa <br> COI_380R_Aa <br> COI_312P_Aa,TGTTGCCTATAATAGTTGGTGCTCCA <br> GTCCCAGCCCTAGTCCTAATCATG <br> (6-FAM)-TTTTTGACTACTTCCACCTGC,127,Ascidiella aspersa,LeBlanc et al. (2020)
qPCR,,COI,COI_342F_Dv <br> COI_576R_Dv <br> COI_400P_Dv,CCTCCTTTATCTTCTTGATTAGCACATTC <br> CTGCRGCTAARACTGGTAAAGATAATAATA <br> (6-FAM)-CTCTTCATTTAGCTAGAATAT-MGB,234,Didemnum vexillum,LeBlanc et al. (2020)
qPCR,,COI,1722F_Cm <br> 1945R_Cm <br> 1827P_Cm-FAM,TCTGATTACTTCCTCCGTCTTTAACCTTA <br> TTTAGCCGGGGTTTCTTCTATTTTAG <br> AGGAGTTGGAACAGGATGA,224,Carcinus maenas,
